"";"category";"ID";"Description";"setSize";"enrichmentScore";"NES";"pvalue";"p.adjust";"qvalue";"rank";"leading_edge";"core_enrichment";"gene.descriptions"
"GO:0031177";"MF";"GO:0031177";"phosphopantetheine binding";3;-0,979929161747344;-1,8778071067701;2,59772448573201e-05;0,00262370173058933;0,00251569108091942;21;"tags=100%, list=2%, signal=98%";"CLM75_RS11010/CLM75_RS11015";"non-ribosomal peptide synthetase/non-ribosomal peptide synthetase"
"GO:0005509";"MF";"GO:0005509";"calcium ion binding";2;-0,992924528301887;-1,64936190760231;0,000109452528305418;0,00552735267942363;0,00529980663373605;9;"tags=100%, list=1%, signal=99%";"CLM75_RS12840";"serine 3-dehydrogenase"
"GO:0003700";"MF";"GO:0003700";"DNA-binding transcription factor activity";62;0,36104575863845;2,09395985737446;0,000259969332476529;0,00875230086004313;0,00839199248696162;465;"tags=89%, list=55%, signal=43%";"CLM75_RS22235/CLM75_RS16155/CLM75_RS23030/CLM75_RS22515/CLM75_RS25455/CLM75_RS08395/CLM75_RS05260/CLM75_RS20430/CLM75_RS01780/CLM75_RS22580/CLM75_RS02130/CLM75_RS17255/CLM75_RS10610/CLM75_RS21465/CLM75_RS20500/CLM75_RS26095/CLM75_RS23150/CLM75_RS17250/CLM75_RS04955/CLM75_RS03400/CLM75_RS27760/CLM75_RS07915/CLM75_RS07445/CLM75_RS03355/CLM75_RS10525/CLM75_RS27750/CLM75_RS00140/CLM75_RS23420/CLM75_RS23330/CLM75_RS09155/CLM75_RS07320/CLM75_RS03575/CLM75_RS05610/CLM75_RS09275/CLM75_RS00680/CLM75_RS05720/CLM75_RS07025/CLM75_RS21440/CLM75_RS18825/CLM75_RS06435/CLM75_RS10460/CLM75_RS10370/CLM75_RS10690/CLM75_RS16245/CLM75_RS27415/CLM75_RS21370/CLM75_RS10065/CLM75_RS05275/CLM75_RS22880/CLM75_RS18465/CLM75_RS09515/CLM75_RS06650/CLM75_RS21445/CLM75_RS25800/CLM75_RS23315";"sigma-70 family RNA polymerase sigma factor/transcriptional regulator/LysR family transcriptional regulator/GntR family transcriptional regulator/LysR family transcriptional regulator/MarR family transcriptional regulator/LysR family transcriptional regulator/GntR family transcriptional regulator/histidine utilization repressor/trehalose operon repressor/LysR family transcriptional regulator/LysR family transcriptional regulator/LysR family transcriptional regulator/LysR family transcriptional regulator/LysR family transcriptional regulator/LysR family transcriptional regulator/LysR family transcriptional regulator/LysR family transcriptional regulator/LysR family transcriptional regulator/LysR family transcriptional regulator/MurR/RpiR family transcriptional regulator/LysR family transcriptional regulator/LysR family transcriptional regulator/LysR family transcriptional regulator/LysR family transcriptional regulator/LysR family transcriptional regulator/LysR family transcriptional regulator/LysR family transcriptional regulator/LysR family transcriptional regulator/transcriptional regulator/LysR family transcriptional regulator/LysR family transcriptional regulator/LysR family transcriptional regulator/LysR family transcriptional regulator/LysR family transcriptional regulator/DeoR/GlpR family transcriptional regulator/LysR family transcriptional regulator/LysR family transcriptional regulator/LysR family transcriptional regulator/LysR family transcriptional regulator/FadR family transcriptional regulator/LysR family transcriptional regulator/LysR family transcriptional regulator/AraC family transcriptional regulator/hydrogen peroxide-inducible genes activator/LysR family transcriptional regulator/LysR family transcriptional regulator/LysR family transcriptional regulator/LysR family transcriptional regulator/LysR family transcriptional regulator/LysR family transcriptional regulator/LysR family transcriptional regulator/LysR family transcriptional regulator/GlxA family transcriptional regulator/LysR family transcriptional regulator"
"GO:0003774";"MF";"GO:0003774";"motor activity";2;0,963443396226415;1,64555246132499;0,00193060659247419;0,0487478164599733;0,046741001712533;33;"tags=100%, list=4%, signal=96%";"CLM75_RS19480/CLM75_RS19420";"flagellar hook-basal body complex protein FliE/flagellar motor switch protein FliM"
"GO:0008137";"MF";"GO:0008137";"NADH dehydrogenase (ubiquinone) activity";4;-0,793144208037825;-1,73990791319317;0,0103722549551728;0,20951955009449;0,200894201237031;180;"tags=100%, list=21%, signal=79%";"CLM75_RS16760/CLM75_RS16775/CLM75_RS16770";"NADH-quinone oxidoreductase subunit J/NADH-quinone oxidoreductase subunit M/NADH-quinone oxidoreductase subunit L"
"GO:0004109";"MF";"GO:0004109";"coproporphyrinogen oxidase activity";3;0,790314669670225;1,61255115683212;0,0271589955787616;0,391865507636417;0,375733472668581;39;"tags=67%, list=5%, signal=64%";"CLM75_RS00115/CLM75_RS20110";"oxygen-dependent coproporphyrinogen oxidase/oxygen-independent coproporphyrinogen III oxidase"
"GO:0004222";"MF";"GO:0004222";"metalloendopeptidase activity";3;-0,801747490701367;-1,53636323383781;0,0253644473504439;0,391865507636417;0,375733472668581;2;"tags=100%, list=0%, signal=100%";"CLM75_RS07225/CLM75_RS12840";"M48 family peptidase/serine 3-dehydrogenase"
"GO:0016651";"MF";"GO:0016651";"oxidoreductase activity, acting on NAD(P)H";3;-0,783943329397875;-1,50224568541608;0,0360025944337243;0,45453275472577;0,435820879987189;187;"tags=100%, list=22%, signal=78%";"CLM75_RS16755/CLM75_RS16765";"NADH-quinone oxidoreductase subunit NuoI/NADH-quinone oxidoreductase subunit K"
"GO:0008237";"MF";"GO:0008237";"metallopeptidase activity";4;-0,708556670467912;-1,55434956896783;0,0462814066678515;0,519380230383667;0,497998761806122;2;"tags=75%, list=0%, signal=75%";"CLM75_RS07225/CLM75_RS11715/CLM75_RS12840";"M48 family peptidase/aminopeptidase N/serine 3-dehydrogenase"
"GO:0009055";"MF";"GO:0009055";"electron transfer activity";10;-0,493833871067058;-1,50360267416636;0,0747826086956522;0,686640316205534;0,658373205741627;206;"tags=70%, list=24%, signal=54%";"CLM75_RS17175/CLM75_RS08860/CLM75_RS23065/CLM75_RS20070/CLM75_RS20080/CLM75_RS00290/CLM75_RS24120";"cytochrome b/succinate dehydrogenase iron-sulfur subunit/cytochrome o ubiquinol oxidase subunit III/cytochrome-c oxidase, cbb3-type subunit II/cytochrome-c oxidase, cbb3-type subunit III/cytochrome c oxidase subunit II/cytochrome ubiquinol oxidase subunit I"
"GO:0004764";"MF";"GO:0004764";"shikimate 3-dehydrogenase (NADP+) activity";2;0,827830188679245;1,41392634987777;0,0684647302904564;0,686640316205534;0,658373205741627;148;"tags=100%, list=17%, signal=83%";"CLM75_RS24210/CLM75_RS00120";"shikimate dehydrogenase/shikimate dehydrogenase"
"GO:0140359";"MF";"GO:0140359";"ABC-type transmembrane transporter activity";2;-0,813679245283019;-1,35161486489976;0,0882917466410749;0,743122200895713;0,712529885173587;161;"tags=100%, list=19%, signal=81%";"CLM75_RS12850";"type I secretion system permease/ATPase"
"GO:0004129";"MF";"GO:0004129";"cytochrome-c oxidase activity";6;-0,553525711865125;-1,39902633558945;0,126838235294118;0,744822709364582;0,71416038834332;117;"tags=83%, list=14%, signal=72%";"CLM75_RS14030/CLM75_RS20065/CLM75_RS23065/CLM75_RS23070/CLM75_RS00290";"cytochrome-c oxidase, cbb3-type subunit I/cytochrome-c oxidase, cbb3-type subunit I/cytochrome o ubiquinol oxidase subunit III/cytochrome o ubiquinol oxidase subunit I/cytochrome c oxidase subunit II"
"GO:0030170";"MF";"GO:0030170";"pyridoxal phosphate binding";5;-0,581008981396916;-1,38029006480671;0,122641509433962;0,744822709364582;0,71416038834332;184;"tags=80%, list=22%, signal=63%";"CLM75_RS08015/CLM75_RS25510/CLM75_RS19715/CLM75_RS18295";"histidinol-phosphate transaminase/aspartate aminotransferase family protein/threonine-phosphate decarboxylase/O-succinylhomoserine sulfhydrylase"
"GO:0003677";"MF";"GO:0003677";"DNA binding";42;0,24698295789962;1,300193738869;0,134770889487871;0,744822709364582;0,71416038834332;132;"tags=29%, list=16%, signal=25%";"CLM75_RS17840/CLM75_RS22235/CLM75_RS22960/CLM75_RS22515/CLM75_RS19290/CLM75_RS03390/CLM75_RS10245/CLM75_RS10875/CLM75_RS05495/CLM75_RS01780/CLM75_RS02865/CLM75_RS22580";"DNA-binding response regulator/sigma-70 family RNA polymerase sigma factor/DNA-binding response regulator/GntR family transcriptional regulator/DNA-binding response regulator/TetR family transcriptional regulator/XRE family transcriptional regulator/DNA-binding response regulator/DUF2132 domain-containing protein/histidine utilization repressor/TetR family transcriptional regulator/trehalose operon repressor"
"GO:0009486";"MF";"GO:0009486";"cytochrome bo3 ubiquinol oxidase activity";2;-0,781839622641509;-1,29872558757759;0,132437619961612;0,744822709364582;0,71416038834332;188;"tags=100%, list=22%, signal=78%";"CLM75_RS23065";"cytochrome o ubiquinol oxidase subunit III"
"GO:0015344";"MF";"GO:0015344";"siderophore uptake transmembrane transporter activity";2;-0,779309877488465;-1,29452338975445;0,138195777351248;0,744822709364582;0,71416038834332;20;"tags=100%, list=2%, signal=98%";"CLM75_RS11255";"TonB-dependent siderophore receptor"
"GO:0038023";"MF";"GO:0038023";"signaling receptor activity";2;-0,779309877488465;-1,29452338975445;0,138195777351248;0,744822709364582;0,71416038834332;20;"tags=100%, list=2%, signal=98%";"CLM75_RS11255";"TonB-dependent siderophore receptor"
"GO:0016765";"MF";"GO:0016765";"transferase activity, transferring alkyl or aryl (other than methyl) groups";2;-0,778301886792453;-1,29284900120847;0,140115163147793;0,744822709364582;0,71416038834332;191;"tags=100%, list=22%, signal=78%";"CLM75_RS23055";"protoheme IX farnesyltransferase"
"GO:0016829";"MF";"GO:0016829";"lyase activity";4;0,613794229425841;1,34959299526434;0,15673289183223;0,791501103752759;0,758917160450796;207;"tags=75%, list=24%, signal=57%";"CLM75_RS21635/CLM75_RS07250/CLM75_RS25730";"keto-deoxy-phosphogluconate aldolase/4-hydroxy-tetrahydrodipicolinate synthase/low specificity L-threonine aldolase"
"GO:0020037";"MF";"GO:0020037";"heme binding";13;-0,398411512619549;-1,32536502436398;0,171075837742504;0,800266227180527;0,767321447635316;142;"tags=54%, list=17%, signal=46%";"CLM75_RS17180/CLM75_RS23090/CLM75_RS20065/CLM75_RS20070/CLM75_RS20080/CLM75_RS23070/CLM75_RS00290";"catalase/NO-inducible flavohemoprotein/cytochrome-c oxidase, cbb3-type subunit I/cytochrome-c oxidase, cbb3-type subunit II/cytochrome-c oxidase, cbb3-type subunit III/cytochrome o ubiquinol oxidase subunit I/cytochrome c oxidase subunit II"
"GO:0000155";"MF";"GO:0000155";"phosphorelay sensor kinase activity";6;0,502815580333515;1,30792033774542;0,18082788671024;0,800266227180527;0,767321447635316;58;"tags=33%, list=7%, signal=31%";"CLM75_RS19490/CLM75_RS19285";"PAS domain-containing sensor histidine kinase/sensor histidine kinase"
"GO:0050661";"MF";"GO:0050661";"NADP binding";6;0,481934499126754;1,25360461672834;0,224400871459695;0,800266227180527;0,767321447635316;252;"tags=67%, list=30%, signal=47%";"CLM75_RS22230/CLM75_RS00120/CLM75_RS21645/CLM75_RS26450";"type I glyceraldehyde-3-phosphate dehydrogenase/shikimate dehydrogenase/glucose-6-phosphate dehydrogenase/diacylglycerol kinase"
"GO:0016757";"MF";"GO:0016757";"transferase activity, transferring glycosyl groups";3;-0,644983742394933;-1,23596184550803;0,216475095785441;0,800266227180527;0,767321447635316;31;"tags=67%, list=4%, signal=64%";"CLM75_RS09630/CLM75_RS09645";"glycosyltransferase family 1 protein/glycosyl transferase family 1"
"GO:0008270";"MF";"GO:0008270";"zinc ion binding";6;-0,485620966272806;-1,22739830574591;0,229779411764706;0,800266227180527;0,767321447635316;107;"tags=33%, list=13%, signal=29%";"CLM75_RS25430/CLM75_RS12840";"DNA primase/serine 3-dehydrogenase"
"GO:0022857";"MF";"GO:0022857";"transmembrane transporter activity";21;-0,308235953154005;-1,21903208163906;0,228187919463087;0,800266227180527;0,767321447635316;347;"tags=76%, list=41%, signal=46%";"CLM75_RS15065/CLM75_RS11150/CLM75_RS11250/CLM75_RS13720/CLM75_RS13760/CLM75_RS06800/CLM75_RS12080/CLM75_RS16270/CLM75_RS11060/CLM75_RS12830/CLM75_RS09265/CLM75_RS25895/CLM75_RS14065/CLM75_RS06835/CLM75_RS13895/CLM75_RS11025";"MFS transporter/CusA/CzcA family heavy metal efflux RND transporter/ABC transporter substrate-binding protein/MFS transporter/MFS transporter/MFS transporter/RND transporter/carbohydrate ABC transporter substrate-binding protein/MFS transporter/amino acid permease/BCCT transporter/multidrug transporter subunit MdtD/MFS transporter/multidrug efflux RND transporter permease subunit/4-amino-4-deoxy-L-arabinose-phospho-UDP flippase/macrolide transporter subunit MacA"
"GO:0015232";"MF";"GO:0015232";"heme transmembrane transporter activity";2;0,712264150943396;1,21654062012276;0,221991701244813;0,800266227180527;0,767321447635316;246;"tags=100%, list=29%, signal=71%";"CLM75_RS08610/CLM75_RS08605";"heme ABC transporter permease/heme exporter protein CcmB"
"GO:0016624";"MF";"GO:0016624";"oxidoreductase activity, acting on the aldehyde or oxo group of donors, disulfide as acceptor";2;-0,724056603773585;-1,20274134354848;0,222648752399232;0,800266227180527;0,767321447635316;237;"tags=100%, list=28%, signal=72%";"CLM75_RS17520";"3-methyl-2-oxobutanoate dehydrogenase (2-methylpropanoyl-transferring) subunit alpha"
"GO:0004386";"MF";"GO:0004386";"helicase activity";2;-0,719339622641509;-1,19490589505631;0,224568138195777;0,800266227180527;0,767321447635316;241;"tags=100%, list=28%, signal=72%";"CLM75_RS20635";"exodeoxyribonuclease V subunit alpha"
"GO:0019808";"MF";"GO:0019808";"polyamine binding";3;-0,610563649605161;-1,17000371569682;0,28735632183908;0,905729838582801;0,868443409584343;156;"tags=100%, list=18%, signal=82%";"CLM75_RS09090/CLM75_RS12820";"polyamine ABC transporter substrate-binding protein/polyamine ABC transporter substrate-binding protein"
"GO:0051287";"MF";"GO:0051287";"NAD binding";6;0,441943127962085;1,14957934438912;0,300653594771242;0,905729838582801;0,868443409584343;477;"tags=100%, list=56%, signal=44%";"CLM75_RS22230/CLM75_RS05035/CLM75_RS04695/CLM75_RS04910/CLM75_RS13400/CLM75_RS14125";"type I glyceraldehyde-3-phosphate dehydrogenase/nucleotide sugar dehydrogenase/2-hydroxyacid dehydrogenase/D-glycerate dehydrogenase/tartrate dehydrogenase/alkyl hydroperoxide reductase subunit F"
"GO:0004450";"MF";"GO:0004450";"isocitrate dehydrogenase (NADP+) activity";2;-0,679245283018868;-1,12830458287284;0,326295585412668;0,905729838582801;0,868443409584343;275;"tags=100%, list=32%, signal=68%";"CLM75_RS16665";"NADP-dependent isocitrate dehydrogenase"
"GO:0015562";"MF";"GO:0015562";"efflux transmembrane transporter activity";4;-0,514302012812509;-1,12821619674614;0,327868852459016;0,905729838582801;0,868443409584343;255;"tags=75%, list=30%, signal=53%";"CLM75_RS12080/CLM75_RS06835/CLM75_RS12860";"RND transporter/multidrug efflux RND transporter permease subunit/peptidase"
"GO:0004324";"MF";"GO:0004324";"ferredoxin-NADP+ reductase activity";2;0,659616096282711;1,12661822689219;0,33402489626556;0,905729838582801;0,868443409584343;29;"tags=50%, list=3%, signal=48%";"CLM75_RS05975";"ferredoxin--NADP reductase"
"GO:0008168";"MF";"GO:0008168";"methyltransferase activity";2;0,652122641509434;1,11381947504617;0,352697095435685;0,905729838582801;0,868443409584343;297;"tags=100%, list=35%, signal=65%";"CLM75_RS18895/CLM75_RS01940";"bifunctional tRNA (5-methylaminomethyl-2-thiouridine)(34)-methyltransferase MnmD/FAD-dependent 5-carboxymethylaminomethyl-2-thiouridine(34) oxidoreductase MnmC/ubiquinone/menaquinone biosynthesis C-methyltransferase UbiE"
"GO:0008854";"MF";"GO:0008854";"exodeoxyribonuclease V activity";3;-0,580873671782763;-1,11310975485649;0,344827586206897;0,905729838582801;0,868443409584343;359;"tags=100%, list=42%, signal=58%";"CLM75_RS20645/CLM75_RS20635";"exodeoxyribonuclease V subunit gamma/exodeoxyribonuclease V subunit alpha"
"GO:0003824";"MF";"GO:0003824";"catalytic activity";40;-0,233865791894495;-1,11193221718102;0,334389857369255;0,905729838582801;0,868443409584343;21;"tags=28%, list=2%, signal=28%";"CLM75_RS16560/CLM75_RS08020/CLM75_RS08015/CLM75_RS25510/CLM75_RS19715/CLM75_RS18295/CLM75_RS15545/CLM75_RS17745/CLM75_RS01350/CLM75_RS11010/CLM75_RS11015";"CoA transferase/bifunctional prephenate dehydrogenase/3-phosphoshikimate 1-carboxyvinyltransferase/histidinol-phosphate transaminase/aspartate aminotransferase family protein/threonine-phosphate decarboxylase/O-succinylhomoserine sulfhydrylase/carboxynorspermidine decarboxylase/non-ribosomal peptide synthetase/formate dehydrogenase accessory sulfurtransferase FdhD/non-ribosomal peptide synthetase/non-ribosomal peptide synthetase"
"GO:0016705";"MF";"GO:0016705";"oxidoreductase activity, acting on paired donors, with incorporation or reduction of molecular oxygen";6;0,423263074467303;1,10098892111745;0,331154684095861;0,905729838582801;0,868443409584343;173;"tags=50%, list=20%, signal=40%";"CLM75_RS17880/CLM75_RS26815/CLM75_RS26805";"LLM class flavin-dependent oxidoreductase/2-octaprenyl-6-methoxyphenyl hydroxylase/2-octaprenyl-3-methyl-6-methoxy-1,4-benzoquinol hydroxylase"
"GO:0016772";"MF";"GO:0016772";"transferase activity, transferring phosphorus-containing groups";5;0,443786982248521;1,08800788085534;0,336864406779661;0,905729838582801;0,868443409584343;475;"tags=100%, list=56%, signal=44%";"CLM75_RS19490/CLM75_RS22210/CLM75_RS22170/CLM75_RS21830/CLM75_RS18230";"PAS domain-containing sensor histidine kinase/two-component sensor histidine kinase/sensor histidine kinase/two-component sensor histidine kinase/two-component sensor histidine kinase"
"GO:0050660";"MF";"GO:0050660";"flavin adenine dinucleotide binding";12;0,313076072934579;1,0850273334899;0,365296803652968;0,905729838582801;0,868443409584343;232;"tags=50%, list=27%, signal=37%";"CLM75_RS03970/CLM75_RS27605/CLM75_RS26815/CLM75_RS26805/CLM75_RS22470/CLM75_RS24405";"glycine oxidase ThiO/HlyC/CorC family transporter/2-octaprenyl-6-methoxyphenyl hydroxylase/2-octaprenyl-3-methyl-6-methoxy-1,4-benzoquinol hydroxylase/transporter/HlyC/CorC family transporter"
"GO:0008855";"MF";"GO:0008855";"exodeoxyribonuclease VII activity";2;0,633254716981132;1,08159323345351;0,398340248962656;0,905729838582801;0,868443409584343;313;"tags=100%, list=37%, signal=63%";"CLM75_RS24690/CLM75_RS22615";"exodeoxyribonuclease 7 small subunit/exodeoxyribonuclease VII large subunit"
"GO:0016831";"MF";"GO:0016831";"carboxy-lyase activity";2;-0,641509433962264;-1,06562099493546;0,395393474088292;0,905729838582801;0,868443409584343;307;"tags=100%, list=36%, signal=64%";"CLM75_RS15545";"carboxynorspermidine decarboxylase"
"GO:0070006";"MF";"GO:0070006";"metalloaminopeptidase activity";2;0,609751775302731;1,0414504251902;0,446058091286307;0,905729838582801;0,868443409584343;63;"tags=50%, list=7%, signal=46%";"CLM75_RS26820";"Xaa-Pro aminopeptidase"
"GO:0004497";"MF";"GO:0004497";"monooxygenase activity";3;0,506749424132306;1,03396710382402;0,439834024896266;0,905729838582801;0,868443409584343;23;"tags=33%, list=3%, signal=33%";"CLM75_RS17880";"LLM class flavin-dependent oxidoreductase"
"GO:0016620";"MF";"GO:0016620";"oxidoreductase activity, acting on the aldehyde or oxo group of donors, NAD or NADP as acceptor";3;0,498312588147774;1,01675265728902;0,462655601659751;0,905729838582801;0,868443409584343;19;"tags=33%, list=2%, signal=33%";"CLM75_RS22230";"type I glyceraldehyde-3-phosphate dehydrogenase"
"GO:0015035";"MF";"GO:0015035";"protein disulfide oxidoreductase activity";2;0,590801886792453;1,00908418987004;0,487551867219917;0,905729838582801;0,868443409584343;349;"tags=100%, list=41%, signal=59%";"CLM75_RS23085/CLM75_RS24775";"disulfide bond formation protein B/thioredoxin"
"GO:0016407";"MF";"GO:0016407";"acetyltransferase activity";6;0,382701421800948;0,995480236562163;0,44880174291939;0,905729838582801;0,868443409584343;527;"tags=100%, list=62%, signal=38%";"CLM75_RS02945/CLM75_RS02940/CLM75_RS26735/CLM75_RS24260/CLM75_RS14845/CLM75_RS14045";"N-acetyltransferase/N-acetyltransferase/amino-acid N-acetyltransferase/N-acetyltransferase/GNAT family N-acetyltransferase/GNAT family N-acetyltransferase"
"GO:0005247";"MF";"GO:0005247";"voltage-gated chloride channel activity";2;-0,599056603773585;-0,99510195850591;0,506717850287908;0,905729838582801;0,868443409584343;343;"tags=100%, list=40%, signal=60%";"CLM75_RS16395";"voltage-gated chloride channel protein"
"GO:0016787";"MF";"GO:0016787";"hydrolase activity";7;0,359430604982206;0,990612655304489;0,480088495575221;0,905729838582801;0,868443409584343;547;"tags=100%, list=64%, signal=36%";"CLM75_RS05075/CLM75_RS07990/CLM75_RS18725/CLM75_RS25375/CLM75_RS11770/CLM75_RS20640/CLM75_RS11685";"carboxylesterase/TRZ/ATZ family hydrolase/DNA/RNA non-specific endonuclease/diadenosine tetraphosphatase/Cof-type HAD-IIB family hydrolase/exodeoxyribonuclease V subunit beta/serine/threonine protein phosphatase"
"GO:0005507";"MF";"GO:0005507";"copper ion binding";3;0,483912065350791;0,987369956212563;0,50207468879668;0,905729838582801;0,868443409584343;10;"tags=33%, list=1%, signal=33%";"CLM75_RS02765";"azurin"
"GO:0051539";"MF";"GO:0051539";"4 iron, 4 sulfur cluster binding";5;-0,415384615384615;-0,986819956397984;0,488679245283019;0,905729838582801;0,868443409584343;500;"tags=100%, list=59%, signal=41%";"CLM75_RS05810/CLM75_RS21895/CLM75_RS15085/CLM75_RS16755";"endonuclease III/L-serine ammonia-lyase/bifunctional aconitate hydratase 2/2-methylisocitrate dehydratase/NADH-quinone oxidoreductase subunit NuoI"
"GO:0016616";"MF";"GO:0016616";"oxidoreductase activity, acting on the CH-OH group of donors, NAD or NADP as acceptor";4;0,447990543735225;0,985028647687493;0,45916114790287;0,905729838582801;0,868443409584343;471;"tags=100%, list=55%, signal=45%";"CLM75_RS05035/CLM75_RS04695/CLM75_RS04910/CLM75_RS13400";"nucleotide sugar dehydrogenase/2-hydroxyacid dehydrogenase/D-glycerate dehydrogenase/tartrate dehydrogenase"
"GO:0003860";"MF";"GO:0003860";"3-hydroxyisobutyryl-CoA hydrolase activity";2;0,568210422925643;0,970498177327347;0,531120331950207;0,905729838582801;0,868443409584343;47;"tags=50%, list=6%, signal=47%";"CLM75_RS07115";"enoyl-CoA hydratase/isomerase family protein"
"GO:0004061";"MF";"GO:0004061";"arylformamidase activity";2;-0,58372641509434;-0,969636750906349;0,533589251439539;0,905729838582801;0,868443409584343;356;"tags=100%, list=42%, signal=58%";"CLM75_RS13690";"cyclase family protein"
"GO:0003676";"MF";"GO:0003676";"nucleic acid binding";5;-0,406456753685818;-0,965610234694216;0,50188679245283;0,905729838582801;0,868443409584343;241;"tags=60%, list=28%, signal=43%";"CLM75_RS12880/CLM75_RS16655/CLM75_RS12875";"ATP-dependent DNA helicase/cold shock domain protein CspD/nuclease"
"GO:0003678";"MF";"GO:0003678";"DNA helicase activity";2;-0,580188679245283;-0,96376016453722;0,547024952015355;0,905729838582801;0,868443409584343;359;"tags=100%, list=42%, signal=58%";"CLM75_RS12880";"ATP-dependent DNA helicase"
"GO:0030246";"MF";"GO:0030246";"carbohydrate binding";2;0,563679245283019;0,962758967580593;0,537344398340249;0,905729838582801;0,868443409584343;372;"tags=100%, list=44%, signal=56%";"CLM75_RS06020/CLM75_RS01860";"glucan biosynthesis protein D/glucan biosynthesis protein G"
"GO:0016491";"MF";"GO:0016491";"oxidoreductase activity";24;-0,236022626839561;-0,959223302989476;0,508503401360544;0,905729838582801;0,868443409584343;200;"tags=38%, list=24%, signal=30%";"CLM75_RS08860/CLM75_RS06055/CLM75_RS16745/CLM75_RS18855/CLM75_RS08875/CLM75_RS23090/CLM75_RS12810/CLM75_RS00290/CLM75_RS10340";"succinate dehydrogenase iron-sulfur subunit/gamma-aminobutyraldehyde dehydrogenase/NADH-quinone oxidoreductase subunit NuoG/DsbA family protein/dihydrolipoyl dehydrogenase/NO-inducible flavohemoprotein/FAD-dependent oxidoreductase/cytochrome c oxidase subunit II/(2Fe-2S)-binding protein"
"GO:0016747";"MF";"GO:0016747";"transferase activity, transferring acyl groups other than amino-acyl groups";3;-0,49153411394063;-0,941911199715512;0,544061302681992;0,905729838582801;0,868443409584343;48;"tags=67%, list=6%, signal=63%";"CLM75_RS13100/CLM75_RS09615";"beta-ketoacyl-[acyl-carrier-protein] synthase II/acetyltransferase"
"GO:0003924";"MF";"GO:0003924";"GTPase activity";3;-0,490197509312915;-0,939349906749815;0,544061302681992;0,905729838582801;0,868443409584343;202;"tags=67%, list=24%, signal=51%";"CLM75_RS03880/CLM75_RS20570";"sulfate adenylyltransferase subunit CysN/hypothetical protein"
"GO:0010181";"MF";"GO:0010181";"FMN binding";5;0,372781065088757;0,913926619918485;0,538135593220339;0,905729838582801;0,868443409584343;535;"tags=100%, list=63%, signal=37%";"CLM75_RS03570/CLM75_RS19925/CLM75_RS06610/CLM75_RS13775/CLM75_RS13275";"flavin reductase/FMN-dependent NADH-azoreductase/pyridoxamine 5'-phosphate oxidase/alkene reductase/bifunctional salicylyl-CoA 5-hydroxylase/oxidoreductase"
"GO:0016987";"MF";"GO:0016987";"sigma factor activity";2;0,553038721910634;0,944585051506441;0,564315352697095;0,908022130013831;0,870641333624518;24;"tags=50%, list=3%, signal=49%";"CLM75_RS22235";"sigma-70 family RNA polymerase sigma factor"
"GO:0008199";"MF";"GO:0008199";"ferric iron binding";2;0,548349056603774;0,93657514628656;0,566390041493776;0,908022130013831;0,870641333624518;385;"tags=100%, list=45%, signal=55%";"CLM75_RS27125/CLM75_RS23350";"iron donor protein CyaY/catechol 1,2-dioxygenase"
"GO:0005315";"MF";"GO:0005315";"inorganic phosphate transmembrane transporter activity";3;-0,475796930342385;-0,911754534973914;0,580459770114943;0,916038074712644;0,878327283726558;448;"tags=100%, list=53%, signal=47%";"CLM75_RS14365/CLM75_RS14360";"phosphate ABC transporter permease subunit PstC/phosphate ABC transporter permease PtsA"
"GO:0008324";"MF";"GO:0008324";"cation transmembrane transporter activity";2;-0,55188679245283;-0,916747473584185;0,604606525911708;0,916362172539791;0,87863803932945;383;"tags=100%, list=45%, signal=55%";"CLM75_RS10640";"glutathione-regulated potassium-efflux system protein KefB"
"GO:0000287";"MF";"GO:0000287";"magnesium ion binding";2;0,53479207899785;0,91341995320004;0,597510373443983;0,916362172539791;0,87863803932945;46;"tags=50%, list=5%, signal=47%";"CLM75_RS03725";"ribose-phosphate pyrophosphokinase"
"GO:0016810";"MF";"GO:0016810";"hydrolase activity, acting on carbon-nitrogen (but not peptide) bonds";3;0,440372217667554;0,898531630866542;0,607883817427386;0,916362172539791;0,87863803932945;286;"tags=67%, list=34%, signal=44%";"CLM75_RS05045/CLM75_RS07990";"polysaccharide deacetylase family protein/TRZ/ATZ family hydrolase"
"GO:0003697";"MF";"GO:0003697";"single-stranded DNA binding";2;-0,538915094339623;-0,89519999023071;0,637236084452975;0,93712540341171;0,898546504574022;394;"tags=100%, list=46%, signal=54%";"CLM75_RS10450";"hypothetical protein"
"GO:0004812";"MF";"GO:0004812";"aminoacyl-tRNA ligase activity";2;0,511792452830189;0,874136803200789;0,649377593360996;0,93712540341171;0,898546504574022;416;"tags=100%, list=49%, signal=51%";"CLM75_RS23580/CLM75_RS04290";"tRNA glutamyl-Q(34) synthetase GluQRS/tryptophan--tRNA ligase"
"GO:0008233";"MF";"GO:0008233";"peptidase activity";2;0,507075471698113;0,866080242802625;0,661825726141079;0,93712540341171;0,898546504574022;420;"tags=100%, list=49%, signal=51%";"CLM75_RS06135/CLM75_RS01850";"alpha/beta hydrolase/prolyl aminopeptidase"
"GO:0071949";"MF";"GO:0071949";"FAD binding";3;0,414201299571161;0,84513271791291;0,66804979253112;0,93712540341171;0,898546504574022;173;"tags=67%, list=20%, signal=53%";"CLM75_RS26815/CLM75_RS26805";"2-octaprenyl-6-methoxyphenyl hydroxylase/2-octaprenyl-3-methyl-6-methoxy-1,4-benzoquinol hydroxylase"
"GO:0005515";"MF";"GO:0005515";"protein binding";12;0,237822858206541;0,824222366353467;0,655251141552511;0,93712540341171;0,898546504574022;557;"tags=92%, list=66%, signal=32%";"CLM75_RS08610/CLM75_RS27765/CLM75_RS24380/CLM75_RS03980/CLM75_RS18955/CLM75_RS24775/CLM75_RS07225/CLM75_RS24045/CLM75_RS11690/CLM75_RS15205/CLM75_RS11320";"heme ABC transporter permease/PAS domain S-box protein/sel1 repeat family protein/outer membrane protein assembly factor BamD/ankyrin repeat domain-containing protein/thioredoxin/M48 family peptidase/diguanylate phosphodiesterase/cell division protein/tetratricopeptide repeat protein/PAS domain S-box protein"
"GO:0004674";"MF";"GO:0004674";"protein serine/threonine kinase activity";2;0,491745283018868;0,839896421508592;0,695020746887967;0,961604047064173;0,922017429180864;433;"tags=100%, list=51%, signal=49%";"CLM75_RS25585/CLM75_RS03305";"serine/threonine protein kinase/serine protein kinase RIO"
"GO:0016627";"MF";"GO:0016627";"oxidoreductase activity, acting on the CH-CH group of donors";2;-0,507075471698113;-0,842310712908545;0,71785028790787;0,96240732447629;0,922787637851159;421;"tags=100%, list=50%, signal=51%";"CLM75_RS15055";"hypothetical protein"
"GO:0016780";"MF";"GO:0016780";"phosphotransferase activity, for other substituted phosphate groups";3;-0,421487603305785;-0,807683297731234;0,729885057471264;0,96240732447629;0,922787637851159;494;"tags=100%, list=58%, signal=42%";"CLM75_RS27925/CLM75_RS12205";"CDP-alcohol phosphatidyltransferase family protein/phosphatidylcholine synthase"
"GO:0046872";"MF";"GO:0046872";"metal ion binding";3;-0,419410531909575;-0,803703071831927;0,733716475095785;0,96240732447629;0,922787637851159;70;"tags=100%, list=8%, signal=92%";"CLM75_RS18725/CLM75_RS10340";"DNA/RNA non-specific endonuclease/(2Fe-2S)-binding protein"
"GO:0000166";"MF";"GO:0000166";"nucleotide binding";5;-0,333727810650888;-0,792829708559064;0,711320754716981;0,96240732447629;0,922787637851159;569;"tags=100%, list=67%, signal=33%";"CLM75_RS09150/CLM75_RS04290/CLM75_RS06405/CLM75_RS04210";"serine-tRNA(Ala) deacylase AlaX/tryptophan--tRNA ligase/tRNA lysidine(34) synthetase TilS/ABC transporter ATP-binding protein"
"GO:0016887";"MF";"GO:0016887";"ATPase activity";2;-0,490566037735849;-0,814886643185942;0,750479846449136;0,971775185786702;0,931769849842383;435;"tags=100%, list=51%, signal=49%";"CLM75_RS11690";"cell division protein"
"GO:0035438";"MF";"GO:0035438";"cyclic-di-GMP binding";2;-0,465934495511716;-0,773970816945388;0,806142034548944;0,983242898180658;0,942765467770928;118;"tags=100%, list=14%, signal=86%";"CLM75_RS24070";"PilZ domain-containing protein"
"GO:0016779";"MF";"GO:0016779";"nucleotidyltransferase activity";3;-0,393002906795844;-0,753098979161533;0,804597701149425;0,983242898180658;0,942765467770928;107;"tags=100%, list=13%, signal=88%";"CLM75_RS25400/CLM75_RS25430";"multifunctional CCA addition/repair protein/DNA primase"
"GO:0016866";"MF";"GO:0016866";"intramolecular transferase activity";2;-0,450999035736087;-0,749161299480271;0,834932821497121;0,983242898180658;0,942765467770928;105;"tags=50%, list=12%, signal=44%";"CLM75_RS21775";"23S rRNA pseudouridylate synthase B"
"GO:0008381";"MF";"GO:0008381";"mechanosensitive ion channel activity";2;0,43164391657793;0,737243840294949;0,819502074688797;0,983242898180658;0,942765467770928;109;"tags=50%, list=13%, signal=44%";"CLM75_RS19160";"mechanosensitive ion channel protein"
"GO:0051536";"MF";"GO:0051536";"iron-sulfur cluster binding";7;-0,268101212936307;-0,717320278493449;0,796363636363636;0,983242898180658;0,942765467770928;200;"tags=71%, list=24%, signal=55%";"CLM75_RS26900/CLM75_RS17565/CLM75_RS08860/CLM75_RS16745/CLM75_RS10340";"CDP-6-deoxy-delta-3,4-glucoseen reductase/putative DNA modification/repair radical SAM protein/succinate dehydrogenase iron-sulfur subunit/NADH-quinone oxidoreductase subunit NuoG/(2Fe-2S)-binding protein"
"GO:0016740";"MF";"GO:0016740";"transferase activity";3;0,344746162927981;0,703417063073015;0,829875518672199;0,983242898180658;0,942765467770928;558;"tags=100%, list=66%, signal=34%";"CLM75_RS22510/CLM75_RS02490/CLM75_RS08315";"transpeptidase/3-deoxy-D-manno-octulosonic acid transferase/L,D-transpeptidase"
"GO:0008483";"MF";"GO:0008483";"transaminase activity";2;0,400997059265677;0,684899289821533;0,871369294605809;0,983242898180658;0,942765467770928;92;"tags=50%, list=11%, signal=45%";"CLM75_RS00985";"4-aminobutyrate--2-oxoglutarate transaminase"
"GO:0009982";"MF";"GO:0009982";"pseudouridine synthase activity";3;0,334707775936075;0,682934825835433;0,854771784232365;0,983242898180658;0,942765467770928;214;"tags=67%, list=25%, signal=50%";"CLM75_RS24345/CLM75_RS05990";"pseudouridine synthase/RNA-binding protein S4"
"GO:0016746";"MF";"GO:0016746";"transferase activity, transferring acyl groups";7;0,246737841043891;0,680024529053907;0,842920353982301;0,983242898180658;0,942765467770928;642;"tags=100%, list=76%, signal=25%";"CLM75_RS06240/CLM75_RS02160/CLM75_RS25665/CLM75_RS04990/CLM75_RS13100/CLM75_RS04655/CLM75_RS08870";"glycerol-3-phosphate 1-O-acyltransferase/beta-ketoacyl-[acyl-carrier-protein] synthase II/acyltransferase/MBOAT family protein/beta-ketoacyl-[acyl-carrier-protein] synthase II/glycerol acyltransferase/dihydrolipoyllysine-residue succinyltransferase"
"GO:0003723";"MF";"GO:0003723";"RNA binding";8;-0,240992526398196;-0,678033682930615;0,817531305903399;0,983242898180658;0,942765467770928;183;"tags=38%, list=22%, signal=30%";"CLM75_RS21165/CLM75_RS18085/CLM75_RS21775";"carbon storage regulator/phenylalanine--tRNA ligase subunit beta/23S rRNA pseudouridylate synthase B"
"GO:0004345";"MF";"GO:0004345";"glucose-6-phosphate dehydrogenase activity";2;0,390330188679245;0,666680372948067;0,885892116182573;0,983242898180658;0,942765467770928;519;"tags=100%, list=61%, signal=39%";"CLM75_RS21645/CLM75_RS11765";"glucose-6-phosphate dehydrogenase/glucose-6-phosphate dehydrogenase"
"GO:0016614";"MF";"GO:0016614";"oxidoreductase activity, acting on CH-OH group of donors";2;0,390330188679245;0,666680372948067;0,885892116182573;0,983242898180658;0,942765467770928;519;"tags=100%, list=61%, signal=39%";"CLM75_RS21645/CLM75_RS11765";"glucose-6-phosphate dehydrogenase/glucose-6-phosphate dehydrogenase"
"GO:0043565";"MF";"GO:0043565";"sequence-specific DNA binding";14;0,178517305670545;0,652909808790376;0,867788461538462;0,983242898180658;0,942765467770928;165;"tags=29%, list=19%, signal=23%";"CLM75_RS16155/CLM75_RS19485/CLM75_RS25460/CLM75_RS24335";"transcriptional regulator/sigma-54-dependent Fis family transcriptional regulator/Lrp/AsnC family transcriptional regulator/Lrp/AsnC family transcriptional regulator"
"GO:0005524";"MF";"GO:0005524";"ATP binding";36;0,126436009199131;0,638281774555521;0,903645833333333;0,989045643153527;0,948329329547936;100;"tags=17%, list=12%, signal=15%";"CLM75_RS26860/CLM75_RS08600/CLM75_RS19485/CLM75_RS06170/CLM75_RS04055/CLM75_RS24790";"multidrug ABC transporter ATP-binding protein/cytochrome c biogenesis heme-transporting ATPase CcmA/sigma-54-dependent Fis family transcriptional regulator/adenylate kinase/dephospho-CoA kinase/ABC transporter ATP-binding protein"
"GO:0016791";"MF";"GO:0016791";"phosphatase activity";3;0,308966929741893;0,630413427838878;0,9149377593361;0,989045643153527;0,948329329547936;267;"tags=67%, list=31%, signal=46%";"CLM75_RS25285/CLM75_RS01760";"phosphoglycolate phosphatase/class 1 fructose-bisphosphatase"
"GO:0004888";"MF";"GO:0004888";"transmembrane signaling receptor activity";2;-0,369103773584906;-0,613123844512499;0,944337811900192;0,989045643153527;0,948329329547936;538;"tags=100%, list=63%, signal=37%";"CLM75_RS13850";"methyl-accepting chemotaxis protein"
"GO:0005506";"MF";"GO:0005506";"iron ion binding";5;0,234650934245311;0,575280654730871;0,957627118644068;0,989045643153527;0,948329329547936;385;"tags=80%, list=45%, signal=44%";"CLM75_RS26000/CLM75_RS27575/CLM75_RS18975/CLM75_RS23350";"cytochrome c/rubredoxin/acireductone dioxygenase/catechol 1,2-dioxygenase"
"GO:0008134";"MF";"GO:0008134";"transcription factor binding";4;0,253001893157726;0,556293243606552;0,960264900662252;0,989045643153527;0,948329329547936;65;"tags=25%, list=8%, signal=23%";"CLM75_RS19485";"sigma-54-dependent Fis family transcriptional regulator"
"GO:0016788";"MF";"GO:0016788";"hydrolase activity, acting on ester bonds";3;-0,276269185360094;-0,529405859017111;0,975095785440613;0,989045643153527;0,948329329547936;617;"tags=100%, list=73%, signal=28%";"CLM75_RS08250/CLM75_RS12875";"preprotein translocase subunit TatD/nuclease"
"GO:0004518";"MF";"GO:0004518";"nuclease activity";3;0,255703927354173;0,521736062464262;0,979253112033195;0,989045643153527;0,948329329547936;285;"tags=67%, list=34%, signal=44%";"CLM75_RS27350/CLM75_RS17095";"exodeoxyribonuclease III/exodeoxyribonuclease III"
"GO:0015424";"MF";"GO:0015424";"ATPase-coupled amino acid transmembrane transporter activity";2;-0,313657475314465;-0,521021162306408;0,975047984644914;0,989045643153527;0,948329329547936;176;"tags=50%, list=21%, signal=40%";"CLM75_RS26945";"amino acid ABC transporter ATP-binding protein"
"GO:0005525";"MF";"GO:0005525";"GTP binding";2;-0,308179078915805;-0,511920915432511;0,978886756238004;0,989045643153527;0,948329329547936;202;"tags=100%, list=24%, signal=76%";"CLM75_RS03880";"sulfate adenylyltransferase subunit CysN"
"GO:0015299";"MF";"GO:0015299";"solute:proton antiporter activity";2;-0,281110516480989;-0,466956918168899;0,994241842610365;0,994241842610365;0,953311615634743;199;"tags=50%, list=23%, signal=38%";"CLM75_RS10640";"glutathione-regulated potassium-efflux system protein KefB"
"GO:0007155";"BP";"GO:0007155";"cell adhesion";2;0,998820754716981;1,69259960840764;1,47243850511498e-05;0,000971809413375886;0,000852464397698146;3;"tags=100%, list=0%, signal=100%";"CLM75_RS17845/CLM75_RS17820";"type 1 fimbrial protein/type 1 fimbrial protein"
"GO:0071973";"BP";"GO:0071973";"bacterial-type flagellum-dependent cell motility";4;0,884126124979853;1,93811438001069;0,000692456303688266;0,0228510580217128;0,0200447877383445;33;"tags=75%, list=4%, signal=72%";"CLM75_RS19480/CLM75_RS19425/CLM75_RS19420";"flagellar hook-basal body complex protein FliE/flagellar basal body-associated protein FliL/flagellar motor switch protein FliM"
"GO:0017004";"BP";"GO:0017004";"cytochrome complex assembly";6;0,749901659678458;1,956782747653;0,00456658977736862;0,0753487313265823;0,0660953783566511;128;"tags=83%, list=15%, signal=71%";"CLM75_RS08615/CLM75_RS08610/CLM75_RS08600/CLM75_RS08620/CLM75_RS22465";"heme exporter CcmD/heme ABC transporter permease/cytochrome c biogenesis heme-transporting ATPase CcmA/cytochrome c maturation protein CcmE/cytochrome c assembly protein"
"GO:0006355";"BP";"GO:0006355";"regulation of transcription, DNA-templated";87;0,275073453271246;1,78709874413971;0,00408566360013587;0,0753487313265823;0,0660953783566511;465;"tags=80%, list=55%, signal=41%";"CLM75_RS17840/CLM75_RS22235/CLM75_RS16155/CLM75_RS04050/CLM75_RS22960/CLM75_RS19485/CLM75_RS23030/CLM75_RS22515/CLM75_RS25455/CLM75_RS08395/CLM75_RS05260/CLM75_RS20430/CLM75_RS19290/CLM75_RS07245/CLM75_RS10875/CLM75_RS01780/CLM75_RS22580/CLM75_RS02130/CLM75_RS17255/CLM75_RS10610/CLM75_RS21465/CLM75_RS20500/CLM75_RS26095/CLM75_RS23150/CLM75_RS17250/CLM75_RS04955/CLM75_RS03400/CLM75_RS27760/CLM75_RS07915/CLM75_RS07445/CLM75_RS03355/CLM75_RS10525/CLM75_RS21880/CLM75_RS27750/CLM75_RS00140/CLM75_RS08040/CLM75_RS23170/CLM75_RS23420/CLM75_RS23330/CLM75_RS09155/CLM75_RS07320/CLM75_RS03575/CLM75_RS05610/CLM75_RS09275/CLM75_RS00680/CLM75_RS05720/CLM75_RS04125/CLM75_RS07025/CLM75_RS21440/CLM75_RS18825/CLM75_RS06435/CLM75_RS10460/CLM75_RS10370/CLM75_RS10690/CLM75_RS16245/CLM75_RS27415/CLM75_RS21370/CLM75_RS01275/CLM75_RS05800/CLM75_RS10065/CLM75_RS05275/CLM75_RS22880/CLM75_RS18465/CLM75_RS09515/CLM75_RS06650/CLM75_RS05575/CLM75_RS21445/CLM75_RS25800/CLM75_RS22215/CLM75_RS23315";"DNA-binding response regulator/sigma-70 family RNA polymerase sigma factor/transcriptional regulator/DNA gyrase inhibitor YacG/DNA-binding response regulator/sigma-54-dependent Fis family transcriptional regulator/LysR family transcriptional regulator/GntR family transcriptional regulator/LysR family transcriptional regulator/MarR family transcriptional regulator/LysR family transcriptional regulator/GntR family transcriptional regulator/DNA-binding response regulator/glycine cleavage system protein R/DNA-binding response regulator/histidine utilization repressor/trehalose operon repressor/LysR family transcriptional regulator/LysR family transcriptional regulator/LysR family transcriptional regulator/LysR family transcriptional regulator/LysR family transcriptional regulator/LysR family transcriptional regulator/LysR family transcriptional regulator/LysR family transcriptional regulator/LysR family transcriptional regulator/LysR family transcriptional regulator/MurR/RpiR family transcriptional regulator/LysR family transcriptional regulator/LysR family transcriptional regulator/LysR family transcriptional regulator/LysR family transcriptional regulator/sigma-54-dependent transcriptional regulator/LysR family transcriptional regulator/LysR family transcriptional regulator/integration host factor subunit beta/helix-turn-helix-type transcriptional regulator/LysR family transcriptional regulator/LysR family transcriptional regulator/transcriptional regulator/LysR family transcriptional regulator/LysR family transcriptional regulator/LysR family transcriptional regulator/LysR family transcriptional regulator/LysR family transcriptional regulator/DeoR/GlpR family transcriptional regulator/catabolite repressor/activator/LysR family transcriptional regulator/LysR family transcriptional regulator/LysR family transcriptional regulator/LysR family transcriptional regulator/FadR family transcriptional regulator/LysR family transcriptional regulator/LysR family transcriptional regulator/AraC family transcriptional regulator/hydrogen peroxide-inducible genes activator/LysR family transcriptional regulator/two-component system response regulator OmpR/DNA-binding response regulator/LysR family transcriptional regulator/LysR family transcriptional regulator/LysR family transcriptional regulator/LysR family transcriptional regulator/LysR family transcriptional regulator/LysR family transcriptional regulator/helix-turn-helix transcriptional regulator/LysR family transcriptional regulator/GlxA family transcriptional regulator/DNA-binding response regulator/LysR family transcriptional regulator"
"GO:0042773";"BP";"GO:0042773";"ATP synthesis coupled electron transport";4;-0,793144208037825;-1,73652977587347;0,0104238679574204;0,124406175178333;0,109128223840643;180;"tags=100%, list=21%, signal=79%";"CLM75_RS16765/CLM75_RS16775/CLM75_RS16770";"NADH-quinone oxidoreductase subunit K/NADH-quinone oxidoreductase subunit M/NADH-quinone oxidoreductase subunit L"
"GO:0006099";"BP";"GO:0006099";"tricarboxylic acid cycle";6;-0,682464454976303;-1,73028047702526;0,016964478433409;0,124406175178333;0,109128223840643;275;"tags=100%, list=32%, signal=68%";"CLM75_RS08865/CLM75_RS08870/CLM75_RS15085/CLM75_RS08860/CLM75_RS16665";"2-oxoglutarate dehydrogenase E1 component/dihydrolipoyllysine-residue succinyltransferase/bifunctional aconitate hydratase 2/2-methylisocitrate dehydratase/succinate dehydrogenase iron-sulfur subunit/NADP-dependent isocitrate dehydrogenase"
"GO:0061077";"BP";"GO:0061077";"chaperone-mediated protein folding";4;0,783156496314797;1,71677640149032;0,0147765747238136;0,124406175178333;0,109128223840643;4;"tags=50%, list=0%, signal=50%";"CLM75_RS17850/CLM75_RS17815";"molecular chaperone/phytochrome sensor protein"
"GO:0043711";"BP";"GO:0043711";"pilus organization";3;0,823354322227364;1,64046365549455;0,0155850290693667;0,124406175178333;0,109128223840643;4;"tags=67%, list=0%, signal=67%";"CLM75_RS17850/CLM75_RS17815";"molecular chaperone/phytochrome sensor protein"
"GO:0071555";"BP";"GO:0071555";"cell wall organization";3;0,823354322227364;1,64046365549455;0,0155850290693667;0,124406175178333;0,109128223840643;4;"tags=67%, list=0%, signal=67%";"CLM75_RS17850/CLM75_RS17815";"molecular chaperone/phytochrome sensor protein"
"GO:0019646";"BP";"GO:0019646";"aerobic electron transport chain";2;-0,872641509433962;-1,46048718356878;0,0380878173026149;0,251379594197259;0,220508415962508;111;"tags=100%, list=13%, signal=87%";"CLM75_RS24120";"cytochrome ubiquinol oxidase subunit I"
"GO:0006098";"BP";"GO:0006098";"pentose-phosphate shunt";3;0,751747223111139;1,49779258375257;0,0454171484630623;0,272502890778374;0,239037623489802;38;"tags=67%, list=4%, signal=64%";"CLM75_RS21640/CLM75_RS25290";"6-phosphogluconolactonase/ribulose-phosphate 3-epimerase"
"GO:0055085";"BP";"GO:0055085";"transmembrane transport";41;-0,306178788081954;-1,49154010287657;0,0512820512820513;0,275;0,241228070175439;347;"tags=63%, list=41%, signal=39%";"CLM75_RS11250/CLM75_RS12185/CLM75_RS13720/CLM75_RS14625/CLM75_RS13760/CLM75_RS11470/CLM75_RS06800/CLM75_RS26645/CLM75_RS14365/CLM75_RS12080/CLM75_RS20335/CLM75_RS14975/CLM75_RS11060/CLM75_RS16395/CLM75_RS19960/CLM75_RS14360/CLM75_RS10640/CLM75_RS12830/CLM75_RS25895/CLM75_RS14065/CLM75_RS18850/CLM75_RS06835/CLM75_RS12850/CLM75_RS12855/CLM75_RS12860/CLM75_RS11025";"ABC transporter substrate-binding protein/chloride channel protein/MFS transporter/amino acid permease/MFS transporter/microcin C ABC transporter permease YejB/MFS transporter/putrescine ABC transporter permease PotI/phosphate ABC transporter permease subunit PstC/RND transporter/hypothetical protein/C4-dicarboxylate ABC transporter/MFS transporter/voltage-gated chloride channel protein/aquaporin Z/phosphate ABC transporter permease PtsA/glutathione-regulated potassium-efflux system protein KefB/amino acid permease/multidrug transporter subunit MdtD/MFS transporter/ABC transporter ATP-binding protein/multidrug efflux RND transporter permease subunit/type I secretion system permease/ATPase/HlyD family type I secretion periplasmic adaptor subunit/peptidase/macrolide transporter subunit MacA"
"GO:0015886";"BP";"GO:0015886";"heme transport";3;0,743118802281675;1,48060118705624;0,0541666666666667;0,275;0,241228070175439;48;"tags=67%, list=6%, signal=63%";"CLM75_RS08615/CLM75_RS08610";"heme exporter CcmD/heme ABC transporter permease"
"GO:0009236";"BP";"GO:0009236";"cobalamin biosynthetic process";5;-0,636686390532544;-1,50713053297791;0,0752293577981651;0,354652686762779;0,311098848037525;313;"tags=100%, list=37%, signal=64%";"CLM75_RS19710/CLM75_RS19715/CLM75_RS11660/CLM75_RS19720";"cobyric acid synthase CobQ/threonine-phosphate decarboxylase/cobaltochelatase subunit CobN/cobalamin biosynthesis protein"
"GO:0000160";"BP";"GO:0000160";"phosphorelay signal transduction system";19;0,380482380226674;1,5433621927202;0,100726025598673;0,391053981736024;0,343029808540372;120;"tags=37%, list=14%, signal=32%";"CLM75_RS19280/CLM75_RS17840/CLM75_RS19285/CLM75_RS22960/CLM75_RS19485/CLM75_RS19290/CLM75_RS10875";"hypothetical protein/DNA-binding response regulator/sensor histidine kinase/DNA-binding response regulator/sigma-54-dependent Fis family transcriptional regulator/DNA-binding response regulator/DNA-binding response regulator"
"GO:0009058";"BP";"GO:0009058";"biosynthetic process";9;-0,48625943087167;-1,43751684955226;0,0963222416812609;0,391053981736024;0,343029808540372;232;"tags=67%, list=27%, signal=49%";"CLM75_RS17695/CLM75_RS10225/CLM75_RS08015/CLM75_RS19715/CLM75_RS11660/CLM75_RS11015";"SMP-30/gluconolactonase/LRE family protein/3-deoxy-7-phosphoheptulonate synthase/histidinol-phosphate transaminase/threonine-phosphate decarboxylase/cobaltochelatase subunit CobN/non-ribosomal peptide synthetase"
"GO:0006779";"BP";"GO:0006779";"porphyrin-containing compound biosynthetic process";4;0,640859827217501;1,40484441258843;0,0934182590233546;0,391053981736024;0,343029808540372;39;"tags=50%, list=5%, signal=48%";"CLM75_RS00115/CLM75_RS20110";"oxygen-dependent coproporphyrinogen oxidase/oxygen-independent coproporphyrinogen III oxidase"
"GO:0006777";"BP";"GO:0006777";"Mo-molybdopterin cofactor biosynthetic process";2;0,786556603773585;1,33289721228795;0,129979035639413;0,451506123800066;0,396058003333391;183;"tags=100%, list=22%, signal=79%";"CLM75_RS08580/CLM75_RS08575";"molybdenum cofactor biosynthesis protein B/molybdenum cofactor guanylyltransferase MobA"
"GO:0015891";"BP";"GO:0015891";"siderophore transport";2;-0,779309877488465;-1,30428369014755;0,127619047619048;0,451506123800066;0,396058003333391;20;"tags=100%, list=2%, signal=98%";"CLM75_RS11255";"TonB-dependent siderophore receptor"
"GO:0022904";"BP";"GO:0022904";"respiratory electron transport chain";2;-0,76061320754717;-1,27299220729981;0,154285714285714;0,509142857142857;0,446616541353383;206;"tags=100%, list=24%, signal=76%";"CLM75_RS23065";"cytochrome o ubiquinol oxidase subunit III"
"GO:0033014";"BP";"GO:0033014";"tetrapyrrole biosynthetic process";2;0,753537735849057;1,27694350622489;0,176100628930818;0,528301886792453;0,463422707712678;211;"tags=100%, list=25%, signal=75%";"CLM75_RS27080/CLM75_RS09990";"hydroxymethylbilane synthase/porphobilinogen synthase"
"GO:0009073";"BP";"GO:0009073";"aromatic amino acid family biosynthetic process";2;-0,753537735849057;-1,26115041932493;0,16952380952381;0,528301886792453;0,463422707712678;212;"tags=100%, list=25%, signal=75%";"CLM75_RS08020";"bifunctional prephenate dehydrogenase/3-phosphoshikimate 1-carboxyvinyltransferase"
"GO:0006508";"BP";"GO:0006508";"proteolysis";10;-0,408443033361692;-1,2454866803719;0,207381370826011;0,595094368457248;0,522012603909866;88;"tags=30%, list=10%, signal=27%";"CLM75_RS20260/CLM75_RS16650/CLM75_RS12840";"D-alanyl-D-alanine carboxypeptidase/D-alanyl-D-alanine-endopeptidase/ATP-dependent Clp protease adapter ClpS/serine 3-dehydrogenase"
"GO:0006006";"BP";"GO:0006006";"glucose metabolic process";3;0,607373563361985;1,21014031153456;0,220833333333333;0,607291666666667;0,532711988304094;176;"tags=67%, list=21%, signal=53%";"CLM75_RS22230/CLM75_RS21645";"type I glyceraldehyde-3-phosphate dehydrogenase/glucose-6-phosphate dehydrogenase"
"GO:0006865";"BP";"GO:0006865";"amino acid transport";4;-0,561465721040189;-1,22928709916527;0,25;0,66;0,578947368421053;376;"tags=100%, list=44%, signal=56%";"CLM75_RS14280/CLM75_RS14430/CLM75_RS11895";"chemotaxis protein/LysE family translocator/lysine transporter LysE"
"GO:0015846";"BP";"GO:0015846";"polyamine transport";3;-0,610563649605161;-1,19515201440491;0,260038240917782;0,660097073098985;0,579032520262268;156;"tags=100%, list=18%, signal=82%";"CLM75_RS09090/CLM75_RS12820";"polyamine ABC transporter substrate-binding protein/polyamine ABC transporter substrate-binding protein"
"GO:0006400";"BP";"GO:0006400";"tRNA modification";2;0,668632075471698;1,13306254777702;0,310272536687631;0,758443978569765;0,665301735587513;283;"tags=100%, list=33%, signal=67%";"CLM75_RS15070/CLM75_RS23580";"tRNA hydroxylase/tRNA glutamyl-Q(34) synthetase GluQRS"
"GO:0006744";"BP";"GO:0006744";"ubiquinone biosynthetic process";3;0,560727341805944;1,11720167131242;0,33125;0,780803571428571;0,684915413533835;173;"tags=67%, list=20%, signal=53%";"CLM75_RS26815/CLM75_RS26805";"2-octaprenyl-6-methoxyphenyl hydroxylase/2-octaprenyl-3-methyl-6-methoxy-1,4-benzoquinol hydroxylase"
"GO:0042121";"BP";"GO:0042121";"alginic acid biosynthetic process";4;0,5;1,0960621597144;0,356687898089172;0,811772457720184;0,71208110326332;427;"tags=100%, list=50%, signal=50%";"CLM75_RS05035/CLM75_RS04985/CLM75_RS04980/CLM75_RS04990";"nucleotide sugar dehydrogenase/alginate O-acetyltransferase/alginate O-acetyltransferase AlgF/MBOAT family protein"
"GO:0016310";"BP";"GO:0016310";"phosphorylation";5;0,443786982248521;1,07615459995621;0,37855579868709;0,821261919253398;0,720405192327542;475;"tags=100%, list=56%, signal=44%";"CLM75_RS19490/CLM75_RS22210/CLM75_RS22170/CLM75_RS21830/CLM75_RS18230";"PAS domain-containing sensor histidine kinase/two-component sensor histidine kinase/sensor histidine kinase/two-component sensor histidine kinase/two-component sensor histidine kinase"
"GO:0006308";"BP";"GO:0006308";"DNA catabolic process";2;0,633254716981132;1,07311214842374;0,385744234800839;0,821261919253398;0,720405192327542;313;"tags=100%, list=37%, signal=63%";"CLM75_RS24690/CLM75_RS22615";"exodeoxyribonuclease 7 small subunit/exodeoxyribonuclease VII large subunit"
"GO:0006825";"BP";"GO:0006825";"copper ion transport";2;-0,632075471698113;-1,05786639242279;0,438095238095238;0,824685714285714;0,723408521303258;315;"tags=100%, list=37%, signal=63%";"CLM75_RS17455";"copper resistance protein CopD"
"GO:0005975";"BP";"GO:0005975";"carbohydrate metabolic process";11;0,320925669474198;1,04780730121268;0,404705882352941;0,824685714285714;0,723408521303258;396;"tags=82%, list=47%, signal=44%";"CLM75_RS21640/CLM75_RS25290/CLM75_RS05045/CLM75_RS25285/CLM75_RS07830/CLM75_RS01760/CLM75_RS06020/CLM75_RS01860/CLM75_RS02835";"6-phosphogluconolactonase/ribulose-phosphate 3-epimerase/polysaccharide deacetylase family protein/phosphoglycolate phosphatase/transaldolase/class 1 fructose-bisphosphatase/glucan biosynthesis protein D/glucan biosynthesis protein G/N-acylglucosamine 2-epimerase"
"GO:0009435";"BP";"GO:0009435";"NAD biosynthetic process";3;0,520661157024793;1,03737319628845;0,447916666666667;0,824685714285714;0,723408521303258;409;"tags=100%, list=48%, signal=52%";"CLM75_RS02770/CLM75_RS04090/CLM75_RS02775";"ammonia-dependent NAD(+) synthetase/carboxylating nicotinate-nucleotide diphosphorylase/nicotinate phosphoribosyltransferase"
"GO:0006821";"BP";"GO:0006821";"chloride transport";2;-0,599056603773585;-1,00260471520667;0,493333333333333;0,824685714285714;0,723408521303258;343;"tags=100%, list=40%, signal=60%";"CLM75_RS16395";"voltage-gated chloride channel protein"
"GO:0045892";"BP";"GO:0045892";"negative regulation of transcription, DNA-templated";5;0,413351113312937;1,00234959514795;0,457330415754923;0,824685714285714;0,723408521303258;377;"tags=80%, list=44%, signal=45%";"CLM75_RS03390/CLM75_RS01780/CLM75_RS24760/CLM75_RS08795";"TetR family transcriptional regulator/histidine utilization repressor/transcriptional regulator NrdR/TetR family transcriptional regulator"
"GO:0006284";"BP";"GO:0006284";"base-excision repair";2;0,576650943396226;0,977191509458485;0,507337526205451;0,824685714285714;0,723408521303258;361;"tags=100%, list=42%, signal=58%";"CLM75_RS07120/CLM75_RS05810";"uracil-DNA glycosylase/endonuclease III"
"GO:0019441";"BP";"GO:0019441";"tryptophan catabolic process to kynurenine";2;-0,58372641509434;-0,976947507927763;0,52952380952381;0,824685714285714;0,723408521303258;356;"tags=100%, list=42%, signal=58%";"CLM75_RS13690";"cyclase family protein"
"GO:0006633";"BP";"GO:0006633";"fatty acid biosynthetic process";3;0,484493248235708;0,965311705552324;0,5375;0,824685714285714;0,723408521303258;52;"tags=33%, list=6%, signal=31%";"CLM75_RS21615";"3-hydroxybutyryl-CoA dehydratase"
"GO:0009060";"BP";"GO:0009060";"aerobic respiration";4;-0,439040977666988;-0,961247302597667;0,50187969924812;0,824685714285714;0,723408521303258;220;"tags=75%, list=26%, signal=56%";"CLM75_RS14030/CLM75_RS20065/CLM75_RS23070";"cytochrome-c oxidase, cbb3-type subunit I/cytochrome-c oxidase, cbb3-type subunit I/cytochrome o ubiquinol oxidase subunit I"
"GO:0016051";"BP";"GO:0016051";"carbohydrate biosynthetic process";2;0,563679245283019;0,955209696362282;0,551362683438155;0,824685714285714;0,723408521303258;372;"tags=100%, list=44%, signal=56%";"CLM75_RS06020/CLM75_RS01860";"glucan biosynthesis protein D/glucan biosynthesis protein G"
"GO:0006396";"BP";"GO:0006396";"RNA processing";3;0,472255017709563;0,940928069195874;0,575;0,824685714285714;0,723408521303258;450;"tags=100%, list=53%, signal=47%";"CLM75_RS07520/CLM75_RS23605/CLM75_RS25400";"23S rRNA methyltransferase/polynucleotide adenylyltransferase PcnB/multifunctional CCA addition/repair protein"
"GO:0006352";"BP";"GO:0006352";"DNA-templated transcription, initiation";2;0,553038721910634;0,937178287214748;0,580712788259958;0,824685714285714;0,723408521303258;24;"tags=50%, list=3%, signal=49%";"CLM75_RS22235";"sigma-70 family RNA polymerase sigma factor"
"GO:0008654";"BP";"GO:0008654";"phospholipid biosynthetic process";4;0,423719051230027;0,928844836806642;0,562632696390658;0,824685714285714;0,723408521303258;41;"tags=25%, list=5%, signal=24%";"CLM75_RS06240";"glycerol-3-phosphate 1-O-acyltransferase"
"GO:0002098";"BP";"GO:0002098";"tRNA wobble uridine modification";2;0,542142935977621;0,918714310653972;0,60167714884696;0,824685714285714;0,723408521303258;118;"tags=50%, list=14%, signal=43%";"CLM75_RS05415";"tRNA (cmo5U34)-methyltransferase"
"GO:0022900";"BP";"GO:0022900";"electron transport chain";2;-0,543704995493323;-0,909966084555608;0,619047619047619;0,824685714285714;0,723408521303258;72;"tags=50%, list=8%, signal=46%";"CLM75_RS00290";"cytochrome c oxidase subunit II"
"GO:0006974";"BP";"GO:0006974";"cellular response to DNA damage stimulus";2;-0,538915094339623;-0,901949517420177;0,624761904761905;0,824685714285714;0,723408521303258;394;"tags=100%, list=46%, signal=54%";"CLM75_RS10450";"hypothetical protein"
"GO:0018142";"BP";"GO:0018142";"protein-DNA covalent cross-linking";2;-0,538915094339623;-0,901949517420177;0,624761904761905;0,824685714285714;0,723408521303258;394;"tags=100%, list=46%, signal=54%";"CLM75_RS10450";"hypothetical protein"
"GO:0006281";"BP";"GO:0006281";"DNA repair";6;0,33175355450237;0,865673016647472;0,608597285067873;0,824685714285714;0,723408521303258;570;"tags=100%, list=67%, signal=33%";"CLM75_RS07120/CLM75_RS27350/CLM75_RS17095/CLM75_RS05810/CLM75_RS20640/CLM75_RS22065";"uracil-DNA glycosylase/exodeoxyribonuclease III/exodeoxyribonuclease III/endonuclease III/exodeoxyribonuclease V subunit beta/Nudix family hydrolase"
"GO:0006935";"BP";"GO:0006935";"chemotaxis";6;0,32650558187462;0,851979031355403;0,622171945701357;0,824685714285714;0,723408521303258;8;"tags=17%, list=1%, signal=17%";"CLM75_RS19425";"flagellar basal body-associated protein FliL"
"GO:0006364";"BP";"GO:0006364";"rRNA processing";2;0,508254716981132;0,861287404042142;0,693920335429769;0,8807450411224;0,772583369405614;419;"tags=100%, list=49%, signal=51%";"CLM75_RS26235/CLM75_RS24400";"Holliday junction resolvase RuvX/rRNA maturation RNase YbeY"
"GO:0006979";"BP";"GO:0006979";"response to oxidative stress";2;-0,507180415217849;-0,848837109139161;0,683809523809524;0,8807450411224;0,772583369405614;142;"tags=100%, list=17%, signal=83%";"CLM75_RS17180";"catalase"
"GO:0035435";"BP";"GO:0035435";"phosphate ion transmembrane transport";2;-0,475235849056604;-0,795373425646239;0,756190476190476;0,905900027314941;0,794649146767492;448;"tags=100%, list=53%, signal=47%";"CLM75_RS14360";"phosphate ABC transporter permease PtsA"
"GO:0007165";"BP";"GO:0007165";"signal transduction";12;0,233890214797136;0,784731886302476;0,745238095238095;0,905900027314941;0,794649146767492;654;"tags=100%, list=77%, signal=23%";"CLM75_RS19490/CLM75_RS26205/CLM75_RS23430/CLM75_RS22210/CLM75_RS26200/CLM75_RS22170/CLM75_RS21830/CLM75_RS18230/CLM75_RS04110/CLM75_RS09875/CLM75_RS13195/CLM75_RS13850";"PAS domain-containing sensor histidine kinase/chemotaxis protein CheW/diguanylate cyclase/two-component sensor histidine kinase/chemotaxis protein/sensor histidine kinase/two-component sensor histidine kinase/two-component sensor histidine kinase/methyl-accepting chemotaxis protein/methyl-accepting chemotaxis protein/chemotaxis protein/methyl-accepting chemotaxis protein"
"GO:0006139";"BP";"GO:0006139";"nucleobase-containing compound metabolic process";3;0,389612706478383;0,776270273249571;0,758333333333333;0,905900027314941;0,794649146767492;69;"tags=33%, list=8%, signal=31%";"CLM75_RS06170";"adenylate kinase"
"GO:0006310";"BP";"GO:0006310";"DNA recombination";3;-0,388698511786319;-0,760860574746019;0,768642447418738;0,905900027314941;0,794649146767492;270;"tags=67%, list=32%, signal=46%";"CLM75_RS14490/CLM75_RS20635";"integrase/exodeoxyribonuclease V subunit alpha"
"GO:0019700";"BP";"GO:0019700";"organic phosphonate catabolic process";2;0,424528301886792;0,719404792239376;0,838574423480084;0,969262295081967;0,850230083405235;490;"tags=100%, list=58%, signal=42%";"CLM75_RS17265/CLM75_RS08700";"phosphonoacetaldehyde hydrolase/alpha-D-ribose 1-methylphosphonate 5-triphosphate diphosphatase"
"GO:0008033";"BP";"GO:0008033";"tRNA processing";3;0,337662337662338;0,67276356947505;0,879166666666667;0,969262295081967;0,850230083405235;564;"tags=100%, list=66%, signal=34%";"CLM75_RS18895/CLM75_RS06405/CLM75_RS18395";"bifunctional tRNA (5-methylaminomethyl-2-thiouridine)(34)-methyltransferase MnmD/FAD-dependent 5-carboxymethylaminomethyl-2-thiouridine(34) oxidoreductase MnmC/tRNA lysidine(34) synthetase TilS/tRNA-dihydrouridine synthase family protein"
"GO:0001522";"BP";"GO:0001522";"pseudouridine synthesis";3;0,334707775936075;0,666876855822127;0,889583333333333;0,969262295081967;0,850230083405235;214;"tags=67%, list=25%, signal=50%";"CLM75_RS24345/CLM75_RS05990";"pseudouridine synthase/RNA-binding protein S4"
"GO:0009451";"BP";"GO:0009451";"RNA modification";3;0,334707775936075;0,666876855822127;0,889583333333333;0,969262295081967;0,850230083405235;214;"tags=67%, list=25%, signal=50%";"CLM75_RS24345/CLM75_RS05990";"pseudouridine synthase/RNA-binding protein S4"
"GO:0071705";"BP";"GO:0071705";"nitrogen compound transport";3;0,328252574547802;0,654015414544072;0,895833333333333;0,969262295081967;0,850230083405235;85;"tags=33%, list=10%, signal=30%";"CLM75_RS17875";"amino acid ABC transporter permease"
"GO:0046417";"BP";"GO:0046417";"chorismate metabolic process";2;-0,387014744116934;-0,647723111408679;0,914285714285714;0,973271889400922;0,853747271404317;151;"tags=50%, list=18%, signal=41%";"CLM75_RS08010";"prephenate dehydratase"
"GO:0006520";"BP";"GO:0006520";"cellular amino acid metabolic process";2;0,359669811320755;0,60949572675836;0,937106918238994;0,981731057202755;0,861167594037505;545;"tags=100%, list=64%, signal=36%";"CLM75_RS25730/CLM75_RS11540";"low specificity L-threonine aldolase/lysine decarboxylase"
"GO:0003333";"BP";"GO:0003333";"amino acid transmembrane transport";2;-0,313657475314465;-0,524949498476707;0,988571428571429;0,995833333333333;0,873538011695906;176;"tags=50%, list=21%, signal=40%";"CLM75_RS26945";"amino acid ABC transporter ATP-binding protein"
"GO:0000103";"BP";"GO:0000103";"sulfate assimilation";2;-0,291392091422602;-0,487685275471322;0,992380952380952;0,995833333333333;0,873538011695906;202;"tags=100%, list=24%, signal=76%";"CLM75_RS03880";"sulfate adenylyltransferase subunit CysN"
"GO:0006812";"BP";"GO:0006812";"cation transport";3;0,23258559622196;0,463407074078968;0,995833333333333;0,995833333333333;0,873538011695906;653;"tags=100%, list=77%, signal=23%";"CLM75_RS26015/CLM75_RS11150/CLM75_RS10640";"sodium:proton antiporter/CusA/CzcA family heavy metal efflux RND transporter/glutathione-regulated potassium-efflux system protein KefB"
"GO:0009289";"CC";"GO:0009289";"pilus";2;0,998820754716981;1,6617473607685;1,46935808983231e-05;0,000220403713474847;0,00017013619987532;3;"tags=100%, list=0%, signal=100%";"CLM75_RS17845/CLM75_RS17820";"type 1 fimbrial protein/type 1 fimbrial protein"
"GO:0016020";"CC";"GO:0016020";"membrane";52;-0,335246287618492;-1,71493105755332;0,00874017551269377;0,047267127848935;0,0364869057079498;285;"tags=73%, list=34%, signal=52%";"CLM75_RS11150/CLM75_RS18230/CLM75_RS14675/CLM75_RS04110/CLM75_RS12035/CLM75_RS12185/CLM75_RS13170/CLM75_RS14625/CLM75_RS11470/CLM75_RS14280/CLM75_RS26645/CLM75_RS14365/CLM75_RS14430/CLM75_RS12205/CLM75_RS09875/CLM75_RS12080/CLM75_RS20335/CLM75_RS16395/CLM75_RS19960/CLM75_RS13195/CLM75_RS11895/CLM75_RS14360/CLM75_RS17175/CLM75_RS13850/CLM75_RS12830/CLM75_RS09265/CLM75_RS03220/CLM75_RS06835/CLM75_RS13895/CLM75_RS16755/CLM75_RS10650/CLM75_RS16750/CLM75_RS23065/CLM75_RS09655/CLM75_RS00290/CLM75_RS16550/CLM75_RS11030/CLM75_RS11025";"CusA/CzcA family heavy metal efflux RND transporter/two-component sensor histidine kinase/lysine transporter LysE/methyl-accepting chemotaxis protein/sugar ABC transporter permease/chloride channel protein/EamA family transporter/amino acid permease/microcin C ABC transporter permease YejB/chemotaxis protein/putrescine ABC transporter permease PotI/phosphate ABC transporter permease subunit PstC/LysE family translocator/phosphatidylcholine synthase/methyl-accepting chemotaxis protein/RND transporter/hypothetical protein/voltage-gated chloride channel protein/aquaporin Z/chemotaxis protein/lysine transporter LysE/phosphate ABC transporter permease PtsA/cytochrome b/methyl-accepting chemotaxis protein/amino acid permease/BCCT transporter/peptidase A24/multidrug efflux RND transporter permease subunit/4-amino-4-deoxy-L-arabinose-phospho-UDP flippase/NADH-quinone oxidoreductase subunit NuoI/amino acid metabolite efflux pump/NADH-quinone oxidoreductase subunit NuoH/cytochrome o ubiquinol oxidase subunit III/polysaccharide export protein/cytochrome c oxidase subunit II/hypothetical protein/MacB family efflux pump subunit/macrolide transporter subunit MacA"
"GO:0009425";"CC";"GO:0009425";"bacterial-type flagellum basal body";3;0,84130508086633;1,66089646397463;0,009453425569787;0,047267127848935;0,0364869057079498;33;"tags=67%, list=4%, signal=64%";"CLM75_RS19425/CLM75_RS19420";"flagellar basal body-associated protein FliL/flagellar motor switch protein FliM"
"GO:0030288";"CC";"GO:0030288";"outer membrane-bounded periplasmic space";4;0,749772242463421;1,66198336954592;0,0198332106945909;0,074374540104716;0,0574119256948685;4;"tags=50%, list=0%, signal=50%";"CLM75_RS17850/CLM75_RS17815";"molecular chaperone/phytochrome sensor protein"
"GO:0005886";"CC";"GO:0005886";"plasma membrane";4;0,655477705948838;1,45296529358811;0,104384133611691;0,313152400835073;0,2417316778376;66;"tags=50%, list=8%, signal=46%";"CLM75_RS06240/CLM75_RS08620";"glycerol-3-phosphate 1-O-acyltransferase/cytochrome c maturation protein CcmE"
"GO:0009279";"CC";"GO:0009279";"cell outer membrane";2;-0,779309877488465;-1,32023876463154;0,127862595419847;0,319656488549618;0,246752377126021;20;"tags=100%, list=2%, signal=98%";"CLM75_RS11255";"TonB-dependent siderophore receptor"
"GO:0016021";"CC";"GO:0016021";"integral component of membrane";50;-0,209549994163031;-1,06092139229838;0,3796875;0,692227619708536;0,534351145038168;220;"tags=52%, list=26%, signal=41%";"CLM75_RS13115/CLM75_RS11930/CLM75_RS06800/CLM75_RS14365/CLM75_RS09875/CLM75_RS23145/CLM75_RS17455/CLM75_RS14030/CLM75_RS19960/CLM75_RS13195/CLM75_RS17175/CLM75_RS10640/CLM75_RS13850/CLM75_RS23060/CLM75_RS25895/CLM75_RS23055/CLM75_RS18850/CLM75_RS06835/CLM75_RS13895/CLM75_RS10650/CLM75_RS20065/CLM75_RS23070/CLM75_RS19720/CLM75_RS00290/CLM75_RS12850/CLM75_RS12855";"outer membrane porin, OprD family/DNA-directed RNA polymerase sigma-70 factor/MFS transporter/phosphate ABC transporter permease subunit PstC/methyl-accepting chemotaxis protein/murein hydrolase regulator LrgA/copper resistance protein CopD/cytochrome-c oxidase, cbb3-type subunit I/aquaporin Z/chemotaxis protein/cytochrome b/glutathione-regulated potassium-efflux system protein KefB/methyl-accepting chemotaxis protein/cytochrome o ubiquinol oxidase subunit IV/multidrug transporter subunit MdtD/protoheme IX farnesyltransferase/ABC transporter ATP-binding protein/multidrug efflux RND transporter permease subunit/4-amino-4-deoxy-L-arabinose-phospho-UDP flippase/amino acid metabolite efflux pump/cytochrome-c oxidase, cbb3-type subunit I/cytochrome o ubiquinol oxidase subunit I/cobalamin biosynthesis protein/cytochrome c oxidase subunit II/type I secretion system permease/ATPase/HlyD family type I secretion periplasmic adaptor subunit"
"GO:0009318";"CC";"GO:0009318";"exodeoxyribonuclease VII complex";2;0,633254716981132;1,05355175056988;0,422594142259414;0,692227619708536;0,534351145038168;313;"tags=100%, list=37%, signal=63%";"CLM75_RS24690/CLM75_RS22615";"exodeoxyribonuclease 7 small subunit/exodeoxyribonuclease VII large subunit"
"GO:0043190";"CC";"GO:0043190";"ATP-binding cassette (ABC) transporter complex";5;0,414029398156747;1,00204286561665;0,42483660130719;0,692227619708536;0,534351145038168;371;"tags=80%, list=44%, signal=45%";"CLM75_RS17875/CLM75_RS11500/CLM75_RS05360/CLM75_RS01205";"amino acid ABC transporter permease/ABC transporter substrate-binding protein/LPS export ABC transporter permease LptF/cystine ABC transporter permease"
"GO:0009338";"CC";"GO:0009338";"exodeoxyribonuclease V complex";2;-0,590801886792453;-1,0008849825882;0,50763358778626;0,692227619708536;0,534351145038168;350;"tags=100%, list=41%, signal=59%";"CLM75_RS20635";"exodeoxyribonuclease V subunit alpha"
"GO:0019867";"CC";"GO:0019867";"outer membrane";4;0,431399118657338;0,956261275410232;0,488517745302714;0,692227619708536;0,534351145038168;125;"tags=75%, list=15%, signal=64%";"CLM75_RS17085/CLM75_RS24805/CLM75_RS02495";"outer membrane protein assembly factor/membrane protein/channel protein TolC"
"GO:0005887";"CC";"GO:0005887";"integral component of plasma membrane";3;0,396394880935144;0,782558992042302;0,726;0,833571428571429;0,643458646616541;218;"tags=67%, list=26%, signal=50%";"CLM75_RS08045/CLM75_RS23210";"hypothetical protein/sulfate transporter CysZ"
"GO:0042597";"CC";"GO:0042597";"periplasmic space";10;0,22633749493908;0,737765394785178;0,761363636363636;0,833571428571429;0,643458646616541;392;"tags=70%, list=46%, signal=38%";"CLM75_RS00455/CLM75_RS26000/CLM75_RS22425/CLM75_RS06020/CLM75_RS04995/CLM75_RS01860/CLM75_RS26660";"hypothetical protein/cytochrome c/protein disulfide-isomerase/glucan biosynthesis protein D/mannuronate-specific alginate lyase/glucan biosynthesis protein G/polyamine ABC transporter substrate-binding protein"
"GO:0045278";"CC";"GO:0045278";"plasma membrane respiratory chain complex IV";3;0,370146798147861;0,730740277429739;0,778;0,833571428571429;0,643458646616541;42;"tags=33%, list=5%, signal=32%";"CLM75_RS20045";"cytochrome-c oxidase, cbb3-type subunit I"
"GO:0005737";"CC";"GO:0005737";"cytoplasm";14;0,172768442088225;0,633223611329675;0,903981264637002;0,903981264637002;0,697810099018037;264;"tags=43%, list=31%, signal=30%";"CLM75_RS20110/CLM75_RS01820/CLM75_RS07790/CLM75_RS02770/CLM75_RS07830/CLM75_RS03595";"oxygen-independent coproporphyrinogen III oxidase/histidine ammonia-lyase/preQ(1) synthase/ammonia-dependent NAD(+) synthetase/transaldolase/D-alanine--D-alanine ligase"
